User_ID,Risk_Profile
U0001,High
U0002,Low
U0003,Low
U0004,Low
U0005,Medium
U0006,Low
U0007,Medium
U0008,Medium
U0009,Medium
U0010,Medium
U0011,Medium
U0012,Medium
U0013,Low
U0014,Medium
U0015,Medium
U0016,Medium
U0017,High
U0018,High
U0019,High
U0020,Low
U0021,Medium
U0022,Low
U0023,Low
U0024,Low
U0025,Low
U0026,Low
U0027,Medium
U0028,High
U0029,Low
U0030,High
U0031,Low
U0032,Low
U0033,Medium
U0034,Medium
U0035,Low
U0036,Low
U0037,Medium
U0038,Low
U0039,Medium
U0040,Medium
U0041,Low
U0042,High
U0043,Low
U0044,Medium
U0045,Medium
U0046,High
U0047,Medium
U0048,Medium
U0049,Low
U0050,Medium
U0051,Medium
U0052,Medium
U0053,High
U0054,Low
U0055,High
U0056,High
U0057,Medium
U0058,Medium
U0059,Low
U0060,High
U0061,Low
U0062,Medium
U0063,Medium
U0064,High
U0065,Medium
U0066,Medium
U0067,Low
U0068,Low
U0069,Low
U0070,High
U0071,Medium
U0072,Medium
U0073,Medium
U0074,Medium
U0075,Low
U0076,Low
U0077,Low
U0078,Medium
U0079,Low
U0080,Medium
U0081,Medium
U0082,Medium
U0083,Low
U0084,Low
U0085,Low
U0086,Medium
U0087,Low
U0088,High
U0089,Medium
U0090,Low
U0091,Medium
U0092,Medium
U0093,Medium
U0094,Low
U0095,Low
U0096,Low
U0097,Low
U0098,Medium
U0099,Medium
U0100,High
U0101,Low
U0102,Low
U0103,Medium
U0104,Low
U0105,Low
U0106,Medium
U0107,Low
U0108,Medium
U0109,Low
U0110,Medium
U0111,High
U0112,Low
U0113,High
U0114,Medium
U0115,High
U0116,Low
U0117,Medium
U0118,Medium
U0119,Medium
U0120,Medium
U0121,Medium
U0122,High
U0123,Low
U0124,Low
U0125,Medium
U0126,Medium
U0127,Medium
U0128,Medium
U0129,High
U0130,Medium
U0131,Low
U0132,Low
U0133,High
U0134,Medium
U0135,High
U0136,Low
U0137,Medium
U0138,Medium
U0139,Low
U0140,Medium
U0141,Medium
U0142,Medium
U0143,High
U0144,High
U0145,High
U0146,High
U0147,Medium
U0148,Low
U0149,High
U0150,Medium
U0151,Low
U0152,Medium
U0153,Low
U0154,Medium
U0155,Low
U0156,Low
U0157,High
U0158,Medium
U0159,Medium
U0160,Medium
U0161,High
U0162,Medium
U0163,Medium
U0164,High
U0165,Low
U0166,High
U0167,Medium
U0168,Medium
U0169,Low
U0170,Medium
U0171,Medium
U0172,High
U0173,High
U0174,High
U0175,Low
U0176,High
U0177,Medium
U0178,High
U0179,Low
U0180,Medium
U0181,High
U0182,High
U0183,Medium
U0184,Medium
U0185,Low
U0186,Medium
U0187,Medium
U0188,Low
U0189,Low
U0190,Low
U0191,Medium
U0192,Low
U0193,Medium
U0194,Low
U0195,Medium
U0196,Medium
U0197,Medium
U0198,Medium
U0199,Medium
U0200,Low
U0201,High
U0202,Low
U0203,Low
U0204,Medium
U0205,Low
U0206,High
U0207,Low
U0208,Medium
U0209,Low
U0210,Low
U0211,Low
U0212,High
U0213,High
U0214,Medium
U0215,High
U0216,Medium
U0217,High
U0218,High
U0219,Low
U0220,Medium
U0221,Medium
U0222,Low
U0223,Low
U0224,High
U0225,High
U0226,Medium
U0227,High
U0228,High
U0229,Low
U0230,Low
U0231,Low
U0232,Low
U0233,Low
U0234,Medium
U0235,High
U0236,High
U0237,Medium
U0238,High
U0239,Medium
U0240,High
U0241,Medium
U0242,Low
U0243,High
U0244,Low
U0245,Medium
U0246,Low
U0247,Medium
U0248,High
U0249,Low
U0250,High
U0251,Low
U0252,Low
U0253,Low
U0254,Medium
U0255,Low
U0256,Medium
U0257,Low
U0258,Low
U0259,Medium
U0260,Low
U0261,Low
U0262,Low
U0263,Medium
U0264,Medium
U0265,Low
U0266,Low
U0267,Medium
U0268,Low
U0269,High
U0270,Medium
U0271,Medium
U0272,Low
U0273,Medium
U0274,High
U0275,Medium
U0276,Medium
U0277,Medium
U0278,Medium
U0279,Low
U0280,Medium
U0281,Low
U0282,Medium
U0283,High
U0284,High
U0285,Medium
U0286,Low
U0287,Low
U0288,Medium
U0289,High
U0290,Medium
U0291,Low
U0292,High
U0293,High
U0294,Medium
U0295,Medium
U0296,Medium
U0297,Medium
U0298,High
U0299,Low
U0300,Medium
U0301,Medium
U0302,High
U0303,High
U0304,High
U0305,Medium
U0306,High
U0307,Medium
U0308,Medium
U0309,Low
U0310,High
U0311,High
U0312,Low
U0313,Low
U0314,High
U0315,Medium
U0316,High
U0317,Low
U0318,Low
U0319,Medium
U0320,Low
U0321,Low
U0322,Low
U0323,Low
U0324,Low
U0325,High
U0326,Low
U0327,Medium
U0328,High
U0329,Medium
U0330,Medium
U0331,Medium
U0332,High
U0333,High
U0334,Medium
U0335,High
U0336,Medium
U0337,Low
U0338,High
U0339,Medium
U0340,High
U0341,Low
U0342,Low
U0343,High
U0344,Low
U0345,High
U0346,High
U0347,High
U0348,Medium
U0349,Medium
U0350,High
U0351,Medium
U0352,Medium
U0353,High
U0354,Medium
U0355,High
U0356,Low
U0357,Low
U0358,Medium
U0359,Low
U0360,Medium
U0361,Low
U0362,High
U0363,Low
U0364,Medium
U0365,Low
U0366,Medium
U0367,Low
U0368,Low
U0369,Medium
U0370,Low
U0371,Low
U0372,Medium
U0373,Low
U0374,Medium
U0375,Low
U0376,Low
U0377,Medium
U0378,Low
U0379,High
U0380,High
U0381,Low
U0382,High
U0383,Low
U0384,Low
U0385,Low
U0386,Medium
U0387,Medium
U0388,Low
U0389,High
U0390,Medium
U0391,Low
U0392,Medium
U0393,High
U0394,Low
U0395,Low
U0396,Medium
U0397,Medium
U0398,Medium
U0399,Low
U0400,Medium
U0401,Medium
U0402,Medium
U0403,Low
U0404,Medium
U0405,Low
U0406,Medium
U0407,High
U0408,Medium
U0409,Low
U0410,Medium
U0411,High
U0412,Medium
U0413,Medium
U0414,Low
U0415,Medium
U0416,Medium
U0417,High
U0418,Medium
U0419,Medium
U0420,Medium
U0421,Low
U0422,High
U0423,Medium
U0424,High
U0425,Medium
U0426,Low
U0427,Medium
U0428,Low
U0429,Low
U0430,Low
U0431,Medium
U0432,Medium
U0433,Low
U0434,Medium
U0435,Medium
U0436,High
U0437,Medium
U0438,Medium
U0439,Low
U0440,Medium
U0441,Medium
U0442,High
U0443,Low
U0444,Medium
U0445,Medium
U0446,Low
U0447,Medium
U0448,High
U0449,Medium
U0450,High
U0451,Low
U0452,Medium
U0453,Medium
U0454,Medium
U0455,High
U0456,Low
U0457,High
U0458,Medium
U0459,Low
U0460,High
U0461,Medium
U0462,High
U0463,Low
U0464,High
U0465,Medium
U0466,Low
U0467,Medium
U0468,Low
U0469,Medium
U0470,Low
U0471,Low
U0472,Low
U0473,Medium
U0474,Medium
U0475,Medium
U0476,Low
U0477,Medium
U0478,Medium
U0479,Low
U0480,High
U0481,Medium
U0482,Medium
U0483,Low
U0484,Low
U0485,High
U0486,High
U0487,Low
U0488,Low
U0489,Medium
U0490,Medium
U0491,High
U0492,Low
U0493,Medium
U0494,Low
U0495,Low
U0496,Low
U0497,High
U0498,Medium
U0499,High
U0500,Low
U0501,Low
U0502,Low
U0503,Low
U0504,High
U0505,Low
U0506,Low
U0507,Low
U0508,Low
U0509,Medium
U0510,Medium
U0511,Medium
U0512,Medium
U0513,Low
U0514,Low
U0515,Medium
U0516,Medium
U0517,Low
U0518,Low
U0519,Low
U0520,Low
U0521,Low
U0522,Low
U0523,Medium
U0524,Low
U0525,Low
U0526,High
U0527,Medium
U0528,High
U0529,Low
U0530,Medium
U0531,Low
U0532,Medium
U0533,Low
U0534,Low
U0535,High
U0536,Medium
U0537,High
U0538,Low
U0539,Low
U0540,Medium
U0541,Medium
U0542,Medium
U0543,High
U0544,Low
U0545,Medium
U0546,Low
U0547,Low
U0548,Medium
U0549,Medium
U0550,Low
U0551,Low
U0552,Medium
U0553,Medium
U0554,Low
U0555,Low
U0556,Low
U0557,High
U0558,High
U0559,Medium
U0560,High
U0561,Medium
U0562,Low
U0563,Low
U0564,High
U0565,Medium
U0566,High
U0567,High
U0568,Medium
U0569,Low
U0570,Low
U0571,Low
U0572,Low
U0573,Medium
U0574,Low
U0575,Low
U0576,Medium
U0577,Low
U0578,Medium
U0579,Medium
U0580,Medium
U0581,High
U0582,Low
U0583,Low
U0584,High
U0585,Medium
U0586,Medium
U0587,Low
U0588,High
U0589,High
U0590,Medium
U0591,Low
U0592,High
U0593,Medium
U0594,Medium
U0595,Low
U0596,Medium
U0597,Low
U0598,Low
U0599,Medium
U0600,Low
U0601,Medium
U0602,Medium
U0603,Low
U0604,Medium
U0605,High
U0606,Low
U0607,Medium
U0608,Low
U0609,Medium
U0610,Low
U0611,Low
U0612,Low
U0613,High
U0614,Medium
U0615,Medium
U0616,Low
U0617,Medium
U0618,Low
U0619,Low
U0620,Medium
U0621,Low
U0622,Low
U0623,Medium
U0624,High
U0625,Low
U0626,Low
U0627,Low
U0628,High
U0629,High
U0630,Medium
U0631,High
U0632,Medium
U0633,High
U0634,Low
U0635,Low
U0636,Medium
U0637,Low
U0638,Medium
U0639,Low
U0640,Medium
U0641,Low
U0642,Low
U0643,High
U0644,High
U0645,High
U0646,Medium
U0647,Medium
U0648,Medium
U0649,Low
U0650,Low
U0651,Low
U0652,High
U0653,Low
U0654,High
U0655,Medium
U0656,Medium
U0657,Low
U0658,Low
U0659,High
U0660,Low
U0661,Low
U0662,Low
U0663,Low
U0664,Low
U0665,Medium
U0666,Medium
U0667,Medium
U0668,Low
U0669,High
U0670,Medium
U0671,Low
U0672,Low
U0673,Low
U0674,Medium
U0675,Medium
U0676,High
U0677,Low
U0678,Medium
U0679,Low
U0680,Low
U0681,Medium
U0682,Low
U0683,Medium
U0684,Medium
U0685,High
U0686,Low
U0687,High
U0688,High
U0689,High
U0690,Medium
U0691,High
U0692,Medium
U0693,Low
U0694,Medium
U0695,Medium
U0696,High
U0697,Medium
U0698,Low
U0699,Medium
U0700,High
U0701,Low
U0702,Low
U0703,Medium
U0704,Low
U0705,Low
U0706,Low
U0707,High
U0708,Low
U0709,Medium
U0710,Medium
U0711,High
U0712,High
U0713,Medium
U0714,High
U0715,Low
U0716,Medium
U0717,Medium
U0718,Low
U0719,Medium
U0720,Low
U0721,High
U0722,Low
U0723,Medium
U0724,Low
U0725,Low
U0726,High
U0727,Medium
U0728,High
U0729,Low
U0730,Low
U0731,Medium
U0732,Medium
U0733,Low
U0734,Medium
U0735,Low
U0736,Low
U0737,Low
U0738,Medium
U0739,Medium
U0740,Medium
U0741,Medium
U0742,Low
U0743,High
U0744,High
U0745,Medium
U0746,Low
U0747,Medium
U0748,Medium
U0749,High
U0750,High
U0751,High
U0752,Low
U0753,High
U0754,Medium
U0755,High
U0756,Medium
U0757,Low
U0758,Medium
U0759,Low
U0760,Low
U0761,High
U0762,Low
U0763,Low
U0764,Low
U0765,Medium
U0766,High
U0767,Low
U0768,Low
U0769,High
U0770,High
U0771,Low
U0772,Medium
U0773,Medium
U0774,Medium
U0775,Medium
U0776,High
U0777,Low
U0778,Low
U0779,Low
U0780,Medium
U0781,High
U0782,Medium
U0783,Low
U0784,Medium
U0785,Medium
U0786,High
U0787,Medium
U0788,Medium
U0789,Medium
U0790,Medium
U0791,Medium
U0792,Low
U0793,High
U0794,Medium
U0795,Medium
U0796,High
U0797,High
U0798,High
U0799,High
U0800,Low
U0801,Medium
U0802,Medium
U0803,Low
U0804,High
U0805,Medium
U0806,Medium
U0807,High
U0808,Low
U0809,Medium
U0810,Medium
U0811,Low
U0812,Low
U0813,High
U0814,Medium
U0815,High
U0816,Medium
U0817,Low
U0818,Low
U0819,Low
U0820,High
U0821,Low
U0822,High
U0823,High
U0824,High
U0825,Medium
U0826,High
U0827,Low
U0828,Low
U0829,Low
U0830,High
U0831,Low
U0832,Medium
U0833,Low
U0834,Low
U0835,Low
U0836,High
U0837,Medium
U0838,High
U0839,Medium
U0840,High
U0841,Medium
U0842,Medium
U0843,Medium
U0844,Medium
U0845,High
U0846,Medium
U0847,High
U0848,Medium
U0849,Low
U0850,Medium
U0851,Low
U0852,Medium
U0853,Medium
U0854,High
U0855,Low
U0856,Low
U0857,Low
U0858,Low
U0859,High
U0860,High
U0861,Medium
U0862,High
U0863,Low
U0864,Low
U0865,Low
U0866,High
U0867,Medium
U0868,Medium
U0869,Low
U0870,Low
U0871,High
U0872,Low
U0873,Medium
U0874,Low
U0875,Low
U0876,Medium
U0877,Low
U0878,Medium
U0879,Medium
U0880,Medium
U0881,Medium
U0882,Medium
U0883,Low
U0884,Medium
U0885,Medium
U0886,Low
U0887,High
U0888,Medium
U0889,High
U0890,High
U0891,Medium
U0892,Medium
U0893,Medium
U0894,Medium
U0895,High
U0896,Medium
U0897,Low
U0898,Medium
U0899,High
U0900,Medium
U0901,Medium
U0902,Medium
U0903,Low
U0904,Low
U0905,Medium
U0906,Medium
U0907,Medium
U0908,Medium
U0909,Medium
U0910,Low
U0911,Low
U0912,Low
U0913,Medium
U0914,Low
U0915,Medium
U0916,Low
U0917,Medium
U0918,Low
U0919,Medium
U0920,Medium
U0921,Low
U0922,High
U0923,Low
U0924,Medium
U0925,High
U0926,Medium
U0927,High
U0928,Low
U0929,Medium
U0930,Medium
U0931,Low
U0932,Medium
U0933,Low
U0934,Medium
U0935,High
U0936,Low
U0937,Low
U0938,Medium
U0939,Medium
U0940,Medium
U0941,Medium
U0942,Low
U0943,Medium
U0944,High
U0945,Medium
U0946,Medium
U0947,Low
U0948,Low
U0949,Low
U0950,Medium
U0951,High
U0952,Medium
U0953,Low
U0954,Low
U0955,Low
U0956,Medium
U0957,Medium
U0958,Low
U0959,Medium
U0960,Low
U0961,Low
U0962,Low
U0963,Low
U0964,Low
U0965,Low
U0966,Medium
U0967,Medium
U0968,Medium
U0969,High
U0970,Low
U0971,High
U0972,Low
U0973,Medium
U0974,Medium
U0975,Low
U0976,High
U0977,Low
U0978,Low
U0979,Low
U0980,Low
U0981,Low
U0982,Low
U0983,Low
U0984,High
U0985,Low
U0986,Low
U0987,Medium
U0988,High
U0989,Low
U0990,Low
U0991,High
U0992,Low
U0993,Medium
U0994,Low
U0995,High
U0996,High
U0997,High
U0998,Low
U0999,Medium
U1000,Low
